City_ID,City,Country,Lat,Lng,Max Temp,Humidity,Cloudiness,Wind Speed,Current Description
0,Astana,KZ,51.1801,71.446,40.95,45,0,20.13,clear sky
1,Ushuaia,AR,-54.8,-68.3,47.86,43,40,5.75,scattered clouds
2,Amahai,ID,-3.3333,128.9167,77.47,89,99,2.1,overcast clouds
3,Coroata,BR,-4.13,-44.1242,103.5,22,32,4.05,scattered clouds
4,Lisakovsk,KZ,52.5369,62.4936,53.31,42,100,22.86,overcast clouds
5,Grindavik,IS,63.8424,-22.4338,44.55,81,75,25.32,broken clouds
6,Tautira,PF,-17.7333,-149.15,82.42,77,23,15.12,few clouds
7,Atuona,PF,-9.8,-139.0333,78.58,67,51,18.37,broken clouds
8,Ocos,GT,14.5094,-92.1933,91.58,73,49,5.84,scattered clouds
9,Kavaratti,IN,10.5669,72.642,81.55,81,75,22.15,broken clouds
10,Port Elizabeth,ZA,-33.918,25.5701,65.1,88,75,3.44,broken clouds
11,Torbay,CA,47.6666,-52.7314,64.67,59,75,12.66,broken clouds
12,Albany,US,42.6001,-73.9662,69.46,49,31,1.01,scattered clouds
13,Makat,KZ,47.6469,53.3463,62.82,47,100,17.0,overcast clouds
14,Cherskiy,RU,68.75,161.3,32.34,99,100,18.77,snow
15,Arraial Do Cabo,BR,-22.9661,-42.0278,82.36,69,0,19.57,clear sky
16,Castro,BR,-24.7911,-50.0119,76.39,54,26,0.63,scattered clouds
17,Ribeira Grande,PT,38.5167,-28.7,70.2,73,75,26.46,broken clouds
18,Hithadhoo,MV,-0.6,73.0833,82.96,73,88,15.52,overcast clouds
19,Saint-Joseph,RE,-21.3667,55.6167,70.18,82,48,13.06,light rain
20,Ponta Do Sol,PT,32.6667,-17.1,76.01,71,94,0.38,overcast clouds
21,Victoria,HK,22.2855,114.1577,85.32,79,41,1.99,light rain
22,Ginda,IN,30.6945,78.4932,61.74,88,14,4.05,few clouds
23,Havre-Saint-Pierre,CA,50.2334,-63.5986,59.36,100,90,11.5,mist
24,Port Alfred,ZA,-33.5906,26.891,64.81,90,41,14.81,scattered clouds
25,Esperance,AU,-33.8667,121.9,55.9,87,48,14.7,scattered clouds
26,Caconda,AO,-13.7333,15.0667,73.51,20,33,5.28,scattered clouds
27,Punta Arenas,CL,-53.15,-70.9167,48.31,46,75,13.8,broken clouds
28,Kavieng,PG,-2.5744,150.7967,81.0,79,100,8.05,moderate rain
29,Moshupa,BW,-24.7782,25.4155,79.21,19,0,5.5,clear sky
30,Nikolskoye,RU,59.7035,30.7861,50.02,93,36,5.66,scattered clouds
31,Mataura,NZ,-46.1927,168.8643,29.32,98,9,2.51,clear sky
32,Sistranda,NO,63.7256,8.834,57.16,85,97,8.72,overcast clouds
33,Corner Brook,CA,48.9667,-57.9484,69.96,75,100,8.68,overcast clouds
34,San-Pedro,CI,4.7485,-6.6363,74.03,96,100,2.39,moderate rain
35,Yanai,JP,33.9667,132.1167,73.4,90,40,6.93,scattered clouds
36,Hofn,IS,64.2539,-15.2082,44.08,74,93,4.92,overcast clouds
37,Ipixuna,BR,-1.7625,-48.8043,75.15,75,100,5.26,overcast clouds
38,Matamoros,MX,25.5333,-103.25,83.1,37,96,1.43,overcast clouds
39,Hamilton,US,39.1834,-84.5333,76.73,40,1,1.01,clear sky
40,East London,ZA,-33.0153,27.9116,67.14,82,75,8.05,broken clouds
41,Charyshskoye,RU,51.3978,83.5598,19.71,95,29,4.0,scattered clouds
42,San Quintin,MX,30.4833,-115.95,71.02,67,87,7.94,overcast clouds
43,Thompson,CA,55.7435,-97.8558,57.36,62,40,5.75,scattered clouds
44,Jalu,LY,29.0331,21.5482,79.11,31,0,6.71,clear sky
45,Avarua,CK,-21.2078,-159.775,73.45,83,75,1.14,broken clouds
46,Xining,CN,36.6167,101.7667,51.42,75,100,0.56,overcast clouds
47,Bosaso,SO,11.2842,49.1816,89.51,53,3,4.09,clear sky
48,Chuy,UY,-33.6971,-53.4616,68.72,64,12,4.99,few clouds
49,Hermanus,ZA,-34.4187,19.2345,61.9,88,26,4.45,scattered clouds
50,Niamey,NE,13.5137,2.1098,93.49,29,20,9.22,dust
51,Guerrero Negro,MX,27.9769,-114.0611,74.35,62,2,14.92,clear sky
52,Cabo San Lucas,MX,22.8909,-109.9124,93.51,65,23,2.08,few clouds
53,Severo-Kurilsk,RU,50.6789,156.125,48.42,93,84,10.85,broken clouds
54,Bredasdorp,ZA,-34.5322,20.0403,59.29,88,56,4.61,broken clouds
55,Hobart,AU,-42.8794,147.3294,40.05,89,5,4.0,clear sky
56,Rikitea,PF,-23.1203,-134.9692,73.56,73,14,18.1,few clouds
57,San Patricio,US,28.017,-97.5169,88.02,38,8,6.85,clear sky
58,Ust-Omchug,RU,61.15,149.6333,27.79,92,21,4.63,few clouds
59,Tura,IN,25.5198,90.2201,75.88,89,85,2.98,overcast clouds
60,Alofi,NU,-19.0595,-169.9187,60.69,100,47,1.14,scattered clouds
61,Menzelinsk,RU,55.7271,53.1026,47.44,76,100,13.33,overcast clouds
62,Jumla,NP,29.2747,82.1838,57.65,87,70,3.49,broken clouds
63,Anloga,GH,5.7947,0.8973,79.92,77,67,11.05,broken clouds
64,Jacksonville,US,30.3322,-81.6556,88.11,50,20,1.99,haze
65,Bambous Virieux,MU,-20.3428,57.7575,71.85,88,75,14.97,light rain
66,Saumur,FR,47.3333,-0.25,66.81,84,91,9.84,overcast clouds
67,Busselton,AU,-33.65,115.3333,57.04,90,42,14.0,scattered clouds
68,Bluff,NZ,-46.6,168.3333,38.91,79,29,7.61,scattered clouds
69,Bernardino De Campos,BR,-23.0131,-49.4742,94.42,20,15,10.07,few clouds
70,Iberia,US,29.9502,-91.7507,82.96,47,1,10.36,clear sky
71,Tiksi,RU,71.6872,128.8694,34.16,97,100,11.79,light rain
72,Daru,PG,-9.0763,143.2092,77.41,90,96,14.05,overcast clouds
73,Brewster,US,41.3973,-73.6171,72.27,56,75,1.99,broken clouds
74,Longyearbyen,SJ,78.2186,15.6401,37.24,93,75,8.05,light intensity drizzle rain
75,Vaini,TO,-21.2,-175.2,68.16,88,75,3.44,broken clouds
76,Vila Franca Do Campo,PT,37.7167,-25.4333,72.19,82,100,3.83,overcast clouds
77,Cape Town,ZA,-33.9258,18.4232,62.28,73,0,1.01,clear sky
78,Biak,ID,-0.9131,122.8766,75.51,79,100,5.14,overcast clouds
79,Kamenka,RU,51.3223,42.7678,46.09,87,45,15.35,light rain
80,Mucurapo,TT,10.6667,-61.5333,90.01,72,20,4.56,few clouds
81,Floro,NO,61.5996,5.0328,62.56,63,90,17.27,overcast clouds
82,Lawton,US,34.6087,-98.3903,90.07,27,1,12.66,clear sky
83,Kruisfontein,ZA,-34.0033,24.7314,62.89,90,52,9.35,broken clouds
84,Puri,IN,19.8,85.85,79.32,81,100,18.05,overcast clouds
85,Kaniama,CD,-7.5667,24.1833,76.19,48,99,2.06,overcast clouds
86,Half Moon Bay,US,37.4636,-122.4286,72.05,72,90,4.61,overcast clouds
87,Yellowknife,CA,62.456,-114.3525,40.41,93,75,4.0,broken clouds
88,Kashi,CN,39.4547,75.9797,69.01,24,0,11.18,clear sky
89,Tiarei,PF,-17.5333,-149.3333,82.42,78,20,13.78,few clouds
90,Atar,MR,20.5169,-13.0499,106.88,9,12,10.51,few clouds
91,Gwadar,PK,25.1216,62.3254,81.95,78,3,6.51,clear sky
92,Kataysk,RU,56.289,62.5841,43.75,39,100,16.53,overcast clouds
93,Mount Isa,AU,-20.7333,139.5,71.37,16,0,8.05,clear sky
94,Butaritari,KI,3.0707,172.7902,83.75,74,92,16.62,overcast clouds
95,Lata,PT,40.1629,-8.3327,70.92,74,97,4.72,overcast clouds
96,Brekstad,NO,63.687,9.6654,60.85,77,0,19.57,clear sky
97,Hilo,US,19.7297,-155.09,82.27,91,90,10.36,mist
98,Bowen,AU,-20.0167,148.2333,65.21,87,5,9.22,clear sky
99,Darhan,MN,49.4867,105.9228,38.57,66,36,4.29,scattered clouds
100,Qaanaaq,GL,77.484,-69.3632,20.12,69,43,6.53,scattered clouds
101,Avera,US,33.194,-82.5271,82.27,40,3,2.91,clear sky
102,Bodaybo,RU,57.8506,114.1933,38.66,97,100,3.13,overcast clouds
103,Clyde River,CA,70.4692,-68.5914,29.66,80,20,7.27,few clouds
104,Qui Nhon,VN,13.7667,109.2333,77.86,88,8,5.35,clear sky
105,Saint-Philippe,RE,-21.3585,55.7679,71.19,86,45,13.91,light rain
106,Meulaboh,ID,4.1363,96.1285,73.98,94,100,6.67,light rain
107,Port Huron,US,42.9709,-82.4249,69.8,60,90,4.0,overcast clouds
108,Vysokogornyy,RU,50.1167,139.15,43.99,88,71,1.9,broken clouds
109,Shirokiy,RU,49.758,129.523,52.14,86,94,10.83,moderate rain
110,Bahir Dar,ET,11.5936,37.3908,59.85,90,40,4.32,light rain
111,Gaeta,IT,41.2183,13.5628,76.19,88,89,3.65,overcast clouds
112,Upernavik,GL,72.7868,-56.1549,25.72,64,6,2.44,clear sky
113,Flin Flon,CA,54.7682,-101.865,58.84,63,20,8.05,few clouds
114,Puerto Ayora,EC,-0.7393,-90.3518,78.76,82,89,9.24,overcast clouds
115,Acari,PE,-15.4311,-74.6158,76.15,51,39,10.47,scattered clouds
116,Ilulissat,GL,69.2167,-51.1,24.82,46,0,9.22,clear sky
117,Roma,US,43.2128,-75.4557,69.94,46,75,1.01,broken clouds
118,Kapaa,US,22.0752,-159.319,79.12,81,20,4.0,light rain
119,Iqaluit,CA,63.7506,-68.5145,37.13,74,75,18.01,broken clouds
120,Nishihara,JP,26.1842,127.7558,79.88,95,40,3.44,scattered clouds
121,Sao Joao Da Barra,BR,-21.6403,-41.0511,80.69,74,34,21.7,scattered clouds
122,Pevek,RU,69.7008,170.3133,30.24,97,100,13.96,light snow
123,Sibolga,ID,1.7427,98.7792,76.23,93,100,4.9,light rain
124,Coihaique,CL,-45.5752,-72.0662,48.81,53,75,3.44,broken clouds
125,Nanortalik,GL,60.1432,-45.2371,39.58,67,12,5.03,few clouds
126,Dikson,RU,73.5069,80.5464,36.54,85,100,21.47,overcast clouds
127,San Andres,CO,12.5847,-81.7006,87.82,79,40,16.11,scattered clouds
128,Tiznit,MA,29.5833,-9.5,82.08,30,5,6.17,clear sky
129,Bethel,US,41.3712,-73.414,72.01,57,75,10.36,broken clouds
130,Broken Hill,AU,-31.95,141.4333,49.05,37,51,7.58,broken clouds
131,Egvekinot,RU,66.3167,-179.1667,19.44,80,20,5.46,few clouds
132,Jamestown,US,42.097,-79.2353,69.3,33,20,10.0,few clouds
133,Tomatlan,MX,19.9333,-105.25,89.02,57,88,3.33,overcast clouds
134,Leningradskiy,RU,69.3833,178.4167,20.73,81,85,8.88,overcast clouds
135,Kismayo,SO,-0.3582,42.5454,77.32,82,2,15.73,clear sky
136,Ust-Kut,RU,56.7938,105.7672,34.92,99,100,2.57,light rain
137,Loreto,MX,22.2667,-101.9667,70.83,49,80,3.29,broken clouds
138,Sitka,US,57.0531,-135.33,49.89,76,40,6.91,scattered clouds
139,Chokurdakh,RU,70.6333,147.9167,30.09,87,100,16.44,overcast clouds
140,Saskylakh,RU,71.9167,114.0833,33.96,98,100,10.22,overcast clouds
141,New Norfolk,AU,-42.7826,147.0587,38.91,75,8,2.86,clear sky
142,Port Hardy,CA,50.6996,-127.4199,57.38,88,75,14.97,light intensity shower rain
143,Ixtapa,MX,20.7,-105.2,86.23,79,100,5.01,overcast clouds
144,Shache,CN,38.4167,77.2406,69.42,20,0,6.26,clear sky
145,Souillac,MU,-20.5167,57.5167,71.98,88,75,14.97,light rain
146,Sheregesh,RU,52.9209,87.9869,29.07,98,100,5.35,snow
147,Uusikaupunki,FI,60.8004,21.4084,45.12,69,15,4.92,few clouds
148,Marsa Matruh,EG,31.3525,27.2453,74.05,62,0,7.36,clear sky
149,Clonakilty,IE,51.6231,-8.8706,54.61,69,100,9.15,light rain
150,Hare Bay,CA,48.8499,-54.0148,67.19,64,82,12.44,broken clouds
151,Kostrzyn,PL,52.3985,17.2281,64.67,71,88,1.99,overcast clouds
152,San Jorge,AR,-31.8962,-61.8598,91.0,22,0,4.54,clear sky
153,Loukhi,RU,66.0764,33.0381,43.41,95,66,4.14,broken clouds
154,Kudahuvadhoo,MV,2.6708,72.8944,81.64,74,100,17.36,light rain
155,Brodnica,PL,53.2597,19.3965,59.18,62,61,8.37,broken clouds
156,Skjervoy,NO,70.0311,20.9714,51.8,83,100,12.03,light rain
157,Barrow,US,71.2906,-156.7887,26.62,80,90,10.36,overcast clouds
158,Vanavara,RU,60.34,102.2797,37.06,57,100,11.43,overcast clouds
159,Filadelfia,US,39.9523,-75.1638,74.43,43,20,7.0,few clouds
160,Lhokseumawe,ID,5.1801,97.1507,77.18,85,100,4.9,overcast clouds
161,Kapit,MY,2.0167,112.9333,73.81,99,100,1.39,overcast clouds
162,Beira,MZ,-19.8436,34.8389,75.29,83,20,13.8,few clouds
163,Mahebourg,MU,-20.4081,57.7,71.89,88,75,14.97,light rain
164,Sembe,CG,1.6481,14.5806,74.3,81,53,1.68,broken clouds
165,Collie,AU,-33.3667,116.15,51.98,94,82,4.16,broken clouds
166,Vestmanna,FO,62.1564,-7.1664,49.12,100,90,14.97,overcast clouds
167,Seoul,KR,37.5683,126.9778,69.24,67,96,2.62,overcast clouds
168,Khatanga,RU,71.9667,102.5,32.29,85,100,7.94,overcast clouds
169,Pocoes,BR,-14.5297,-40.3653,79.14,47,34,11.56,scattered clouds
170,Katsuura,JP,35.1333,140.3,66.31,72,66,11.5,broken clouds
171,Thap Than,TH,15.4606,99.8917,73.49,98,100,4.16,light rain
172,Mareeba,AU,-17.0,145.4333,65.12,92,61,2.57,broken clouds
173,Bhadrachalam,IN,17.6667,80.8833,76.53,95,100,2.3,heavy intensity rain
174,Zyryanka,RU,65.75,150.85,32.56,82,100,8.16,overcast clouds
175,Olafsvik,IS,64.8945,-23.7142,40.8,93,100,41.07,overcast clouds
176,Tasiilaq,GL,65.6145,-37.6368,39.36,70,47,2.86,scattered clouds
177,Kiama,AU,-34.6833,150.8667,53.38,89,93,2.42,overcast clouds
178,Vysotsk,RU,60.6288,28.5705,45.84,80,11,6.4,few clouds
179,Barrhead,GB,55.7992,-4.3929,64.13,90,75,3.0,light rain
180,Vardo,NO,70.3705,31.1107,48.4,76,0,16.11,light rain
181,Libreville,GA,0.3925,9.4537,76.26,89,100,3.42,overcast clouds
182,Tessalit,ML,20.1986,1.0114,96.31,10,0,14.81,clear sky
183,Juneau,US,58.3019,-134.4197,48.85,88,90,0.0,overcast clouds
184,Anito,PH,12.4497,125.2886,77.29,92,89,4.29,overcast clouds
185,Bondo,CD,3.8146,23.6866,69.3,99,85,2.04,moderate rain
186,Oktyabrskoye,RU,43.0645,44.7417,46.54,93,1,4.47,clear sky
187,Karratha,AU,-20.7377,116.8463,70.99,46,3,15.14,clear sky
188,Ugoofaaru,MV,5.6667,73.0,77.63,87,100,27.11,overcast clouds
189,Escondido,US,33.1192,-117.0864,77.29,84,90,1.01,mist
190,Nadym,RU,65.5333,72.5167,32.74,81,6,5.82,clear sky
191,Sankt Ingbert,DE,49.2833,7.1167,64.65,79,40,3.44,scattered clouds
192,Georgetown,MY,5.4112,100.3354,76.95,97,40,1.01,scattered clouds
193,Eyl,SO,7.9803,49.8164,78.98,78,62,21.92,broken clouds
194,Faanui,PF,-16.4833,-151.75,79.3,76,5,15.19,light rain
195,Broome,US,42.2506,-75.833,68.02,56,75,3.0,broken clouds
196,Along,IN,28.1667,94.7667,71.96,94,34,2.35,scattered clouds
197,Maumere,ID,-8.6199,122.2111,77.34,80,84,5.44,broken clouds
198,Amapa,BR,1.0,-52.0,96.76,30,80,4.56,broken clouds
199,Tuktoyaktuk,CA,69.4541,-133.0374,32.0,100,90,17.27,light snow
200,Sao Filipe,CV,14.8961,-24.4956,79.54,75,60,6.02,broken clouds
201,Beringovskiy,RU,63.05,179.3167,36.59,61,88,4.54,overcast clouds
202,Yaan,NG,7.3833,8.5667,75.87,88,70,5.79,broken clouds
203,Shenjiamen,CN,29.9576,122.298,76.62,89,28,9.15,scattered clouds
204,Thinadhoo,MV,0.5333,72.9333,81.59,78,99,16.87,overcast clouds
205,Airai,TL,-8.9266,125.4092,57.92,79,93,2.33,overcast clouds
206,Chalus,IR,36.655,51.4204,63.86,77,75,4.61,broken clouds
207,Freeport,US,40.6576,-73.5832,75.11,44,1,7.0,clear sky
208,Watertown,US,42.3709,-71.1828,75.97,57,75,5.01,broken clouds
209,Kaitangata,NZ,-46.2817,169.8464,32.76,92,22,5.14,few clouds
210,Necochea,AR,-38.5473,-58.7368,53.04,70,39,17.09,scattered clouds
211,Huaihua,CN,27.5494,109.9592,79.77,64,58,1.48,light rain
212,Narsaq,GL,60.9167,-46.05,44.82,42,0,1.86,clear sky
213,Saint-Pierre,RE,-21.3393,55.4781,71.28,81,75,18.41,light rain
214,Tecoanapa,MX,16.5167,-98.75,85.71,63,95,7.14,overcast clouds
215,Atagay,RU,55.1033,99.3875,30.9,86,48,0.43,scattered clouds
216,Marawi,PH,7.9986,124.2928,65.64,90,100,3.47,overcast clouds
217,Saldanha,ZA,-33.0117,17.9442,59.13,89,2,19.08,clear sky
218,Grafton,US,42.207,-71.6856,74.71,49,40,1.01,scattered clouds
219,Pontes E Lacerda,BR,-15.2261,-59.3353,90.03,44,39,5.73,scattered clouds
220,Santiago Del Estero,AR,-27.7951,-64.2615,93.81,14,0,9.73,clear sky
221,Launceston,AU,-41.45,147.1667,38.61,92,40,1.99,scattered clouds
222,Teya,RU,60.3778,92.6267,37.27,91,100,7.87,overcast clouds
223,Carnarvon,AU,-24.8667,113.6333,59.07,77,40,3.44,scattered clouds
224,Puerto Escondido,MX,15.85,-97.0667,87.04,62,54,5.53,broken clouds
225,Houma,US,29.5958,-90.7195,82.99,58,1,9.22,clear sky
226,Srednekolymsk,RU,67.45,153.6833,33.03,97,100,19.35,light snow
227,Pombia,IT,45.653,8.6336,66.07,94,75,1.14,broken clouds
228,Kodiak,US,57.79,-152.4072,44.11,70,1,9.22,clear sky
229,Tooele,US,40.5308,-112.2983,83.68,29,1,0.0,clear sky
230,The Pas,CA,53.8251,-101.2541,64.42,48,1,6.91,clear sky
231,Vila Velha,BR,-20.3297,-40.2925,79.97,67,0,20.71,clear sky
232,Nabire,ID,-3.3667,135.4833,76.28,90,84,3.8,broken clouds
233,Thunder Bay,CA,48.4001,-89.3168,68.29,46,75,5.75,broken clouds
234,Newcastleton,GB,55.1796,-2.8127,62.74,86,86,8.97,overcast clouds
235,Suslovo,RU,56.2167,88.1167,35.24,96,99,1.16,light rain
236,Praya,CV,14.9215,-23.5087,82.94,69,75,14.97,broken clouds
237,Lebu,CL,-37.6167,-73.65,52.56,58,28,20.31,scattered clouds
238,Saint George,US,37.1041,-113.5841,86.54,31,1,1.01,clear sky
239,Palmer,US,42.1584,-72.3287,72.55,42,20,1.01,few clouds
240,Yulara,AU,-25.2406,130.9889,69.64,19,96,0.0,overcast clouds
241,Kununurra,AU,-15.7667,128.7333,69.78,73,98,4.61,overcast clouds
242,George,ZA,-33.963,22.4617,58.55,88,0,12.66,clear sky
243,Santa Cruz,BO,-17.8,-63.1667,101.3,19,0,16.2,clear sky
244,Hutchinson,US,38.0608,-97.9298,93.15,21,1,3.0,clear sky
245,Aripuana,BR,-9.1667,-60.6333,93.45,39,36,1.59,scattered clouds
246,Ascope,PE,-7.7144,-79.1078,60.13,51,45,10.25,scattered clouds
247,Saint Anthony,US,45.0205,-93.218,78.73,55,1,3.0,clear sky
248,Bud,US,39.447,-86.1758,76.46,46,30,11.74,scattered clouds
249,Berlevag,NO,70.8578,29.0864,50.0,77,100,16.69,overcast clouds
250,Hambantota,LK,6.1241,81.1185,80.08,82,100,23.09,overcast clouds
251,Emba,KZ,48.8264,58.1442,52.65,64,72,11.3,broken clouds
252,Namatanai,PG,-3.6667,152.4333,79.41,80,97,3.67,light rain
253,Alyangula,AU,-13.8483,136.4192,76.46,80,82,5.06,broken clouds
254,Kenai,US,60.5544,-151.2583,40.14,90,1,0.0,clear sky
255,Sovetskiy,RU,61.3614,63.5842,34.57,77,98,7.31,overcast clouds
256,Seybaplaya,MX,19.65,-90.6667,89.06,58,85,6.58,overcast clouds
257,Provideniya,RU,64.3833,-173.3,32.68,94,94,6.35,light snow
258,Dalbandin,PK,28.8947,64.4101,83.89,8,0,2.62,clear sky
259,Hasaki,JP,35.7333,140.8333,64.8,69,45,13.09,scattered clouds
260,Michalovce,SK,48.7543,21.9195,63.9,72,23,4.16,few clouds
261,Gaya,IN,24.7833,85.0,78.71,94,75,5.75,mist
262,Ancud,CL,-41.8697,-73.8203,49.53,61,24,8.12,few clouds
263,Davila,PH,18.4726,120.5763,80.58,82,3,16.37,clear sky
264,Beloha,MG,-25.1667,45.05,72.9,65,1,9.19,clear sky
265,Valdez,EC,1.2492,-78.9831,79.43,78,78,9.73,broken clouds
266,Feldkirchen,DE,48.148,11.7434,67.98,95,91,13.22,light rain
267,Flinders,AU,-34.5833,150.8552,53.19,86,93,1.01,overcast clouds
268,Manadhoo,MV,5.7667,73.3833,78.01,87,100,26.87,overcast clouds
269,Mogadishu,SO,2.0371,45.3438,78.19,82,4,18.5,clear sky
270,Puerto Berrio,CO,6.4916,-74.4033,96.35,37,51,1.81,broken clouds
271,Kaupanger,NO,61.1845,7.2404,57.69,82,40,1.14,scattered clouds
272,Bontang,ID,0.1333,117.5,77.09,89,59,4.88,broken clouds
273,Maraa,BR,-1.8333,-65.3667,87.67,59,78,0.69,broken clouds
274,Uhryniv,UA,48.9552,24.6929,59.04,94,75,2.24,broken clouds
275,Archidona,ES,37.0965,-4.3887,78.39,36,94,2.95,overcast clouds
276,Kahului,US,20.8947,-156.47,80.96,84,20,18.41,few clouds
277,Neiafu,TO,-18.65,-173.9833,59.68,94,20,0.0,few clouds
278,Uvalde,US,29.3669,-99.767,86.18,22,1,8.05,clear sky
279,Nanning,CN,22.8167,108.3167,79.25,82,20,2.71,light rain
280,Lenart,SI,46.5761,15.8313,69.04,87,0,3.44,clear sky
281,Luena,AO,-11.7833,19.9167,72.66,29,95,5.21,overcast clouds
282,Grand Forks,US,47.9417,-97.4337,75.58,39,1,10.36,clear sky
283,Khash,IR,28.2211,61.2158,75.42,9,1,3.78,clear sky
284,Sungaipenuh,ID,-2.0833,101.3833,65.79,99,100,1.41,overcast clouds
285,Russell,US,32.3502,-85.1999,81.68,47,19,5.75,few clouds
286,Belmonte,BR,-15.8631,-38.8828,77.5,65,80,8.08,broken clouds
287,Mar Del Plata,AR,-38.0023,-57.5575,60.1,63,0,10.0,clear sky
288,Kieta,PG,-6.2167,155.6333,78.62,83,69,1.83,broken clouds
289,Qom,IR,34.6401,50.8764,71.47,29,0,6.44,clear sky
290,Caravelas,BR,-17.7125,-39.2481,78.85,54,100,9.51,overcast clouds
291,Lasa,IT,46.6166,10.7002,63.01,97,100,2.53,light rain
292,Noumea,NC,-22.2763,166.4572,58.98,71,15,3.85,few clouds
293,Raudeberg,NO,61.9875,5.1352,61.47,77,99,10.6,overcast clouds
294,Shimoda,JP,34.6667,138.95,64.11,84,75,13.85,broken clouds
295,Sterling,US,39.0062,-77.4286,76.28,42,40,1.01,scattered clouds
296,Dubrovka,RU,53.6907,33.5071,46.38,91,59,12.15,broken clouds
297,Giyani,ZA,-23.3025,30.7187,77.74,23,0,6.2,clear sky
298,Geraldton,AU,-28.7667,114.6,62.13,77,40,8.05,scattered clouds
299,Te Anau,NZ,-45.4167,167.7167,30.36,93,23,1.16,few clouds
300,Acurenam,GQ,1.0322,10.6488,69.4,98,84,3.33,broken clouds
301,Rundu,NA,-17.9333,19.7667,77.29,9,0,4.92,clear sky
302,Dubbo,AU,-32.25,148.6167,50.13,71,4,13.8,clear sky
303,Deputatskiy,RU,69.3,139.9,27.84,86,100,21.79,overcast clouds
304,Lobito,AO,-12.3481,13.5456,71.11,78,21,4.97,few clouds
305,Klaksvik,FO,62.2266,-6.589,50.92,90,100,24.63,overcast clouds
306,Lorengau,PG,-2.0226,147.2712,80.28,82,73,7.58,broken clouds
307,Port Lincoln,AU,-34.7333,135.8667,55.45,75,94,12.46,overcast clouds
308,Sioux Lookout,CA,50.1001,-91.917,64.78,48,40,0.0,scattered clouds
309,Verkhnevilyuysk,RU,63.4453,120.3167,32.54,80,100,8.7,overcast clouds
310,Canete,CL,-37.8,-73.4,55.71,46,35,11.39,scattered clouds
311,Manaure,CO,11.7751,-72.4445,92.26,53,72,12.91,broken clouds
312,Gweta,BW,-20.1833,25.2333,76.82,15,0,7.72,clear sky
313,Puerto Leguizamo,CO,-0.1934,-74.7819,93.78,39,51,0.76,broken clouds
314,Muros,ES,42.7762,-9.0603,68.23,81,100,14.03,overcast clouds
315,Charters Towers,AU,-20.1,146.2667,61.25,95,4,7.67,clear sky
316,Pahrump,US,36.2083,-115.9839,87.94,28,15,3.0,few clouds
317,Sao Borja,BR,-28.6606,-56.0044,85.95,31,0,5.64,clear sky
318,Cambridge,CA,43.3601,-80.3127,68.23,56,90,4.0,overcast clouds
319,Ambon,ID,-3.6954,128.1814,75.34,100,40,5.75,scattered clouds
320,Alice Springs,AU,-23.7,133.8833,65.75,18,0,9.22,clear sky
321,Poretskoye,RU,55.1974,46.3291,48.96,95,100,8.34,light rain
322,Mokrousovo,RU,55.8103,66.7653,38.46,60,86,16.82,overcast clouds
323,Takoradi,GH,4.8845,-1.7554,74.73,92,100,8.21,overcast clouds
324,Achutupo,PA,9.2,-77.9833,85.28,76,100,5.41,overcast clouds
325,Palauig,PH,15.435,119.9045,81.7,77,59,3.8,broken clouds
326,Cayenne,GF,4.9333,-52.3333,89.64,74,71,7.0,broken clouds
327,Scarborough,GB,54.2797,-0.4044,65.08,75,91,1.99,overcast clouds
328,Vostok,RU,46.4856,135.8833,44.98,93,1,3.74,clear sky
329,Pangnirtung,CA,66.1451,-65.7125,35.6,69,20,5.75,few clouds
330,Karaton,ID,-6.3424,106.1045,81.95,91,28,0.49,scattered clouds
331,Qandala,SO,11.472,49.8728,89.56,53,5,4.99,clear sky
332,Taloqan,AF,36.7361,69.5345,70.18,17,0,2.77,clear sky
333,Anjar,IN,23.1333,70.0167,82.45,73,97,11.25,overcast clouds
334,Mount Hagen,PG,-5.8581,144.2274,59.63,99,100,1.01,overcast clouds
335,Port Augusta,AU,-32.5,137.7667,55.71,41,51,6.17,broken clouds
336,Kasongo-Lunda,CD,-6.4667,16.8167,76.93,64,88,0.49,light rain
337,Goderich,CA,43.7501,-81.7165,63.21,67,69,10.36,broken clouds
338,Sorong,ID,-0.8833,131.25,78.33,85,80,2.98,broken clouds
339,Bathsheba,BB,13.2167,-59.5167,86.61,70,40,8.05,scattered clouds
340,Roswell,US,34.0232,-84.3616,80.78,57,20,4.0,few clouds
341,Buchanan,LR,5.8808,-10.0467,80.56,90,100,9.04,moderate rain
342,Katangli,RU,51.7102,143.2326,49.3,80,87,3.96,overcast clouds
343,Lyuban,BY,52.7985,28.0048,47.75,83,0,7.92,clear sky
344,Qaqortoq,GL,60.7167,-46.0333,45.1,50,1,1.01,clear sky
345,Terra Santa,BR,-2.1042,-56.4869,99.45,29,23,3.15,few clouds
346,Pampas,PE,-12.4,-74.9,64.71,38,59,9.51,broken clouds
347,Kumano,JP,34.3442,132.5894,70.72,88,67,6.58,broken clouds
348,Staryy Nadym,RU,65.6118,72.6842,33.01,80,5,5.77,clear sky
349,San Pedro,PH,14.35,121.0167,82.35,81,75,3.44,broken clouds
350,Hovd,MN,48.0056,91.6419,42.93,23,3,0.81,clear sky
351,Ust-Nera,RU,64.5667,143.2,30.72,88,86,4.59,overcast clouds
352,Saquarema,BR,-22.92,-42.5103,82.54,68,0,12.57,clear sky
353,Hammerfest,NO,70.6634,23.6821,46.85,81,75,4.61,light rain
354,Kresttsy,RU,58.2452,32.5165,48.79,95,97,8.14,light rain
355,Lavrentiya,RU,65.5833,-171.0,29.75,78,98,6.85,overcast clouds
356,Richards Bay,ZA,-28.783,32.0377,67.03,89,49,6.53,scattered clouds
357,Chico,US,39.7285,-121.8375,73.94,50,2,3.0,clear sky
358,Salalah,OM,17.0151,54.0924,84.29,84,75,8.05,broken clouds
359,Bandarbeyla,SO,9.4942,50.8122,78.69,83,54,20.13,broken clouds
360,Dingle,PH,10.9995,122.6711,76.08,92,80,1.99,broken clouds
361,Cap Malheureux,MU,-19.9842,57.6142,72.09,88,11,5.01,few clouds
362,Aromashevo,RU,56.8602,68.6375,33.75,76,57,10.27,broken clouds
363,Asau,RO,46.4333,26.4,62.4,85,2,2.33,clear sky
364,Soyo,AO,-6.1349,12.3689,75.61,83,65,8.08,broken clouds
365,Mount Gambier,AU,-37.8333,140.7667,42.46,83,95,6.64,overcast clouds
366,Shingu,JP,33.7333,135.9833,69.66,93,100,9.4,overcast clouds
367,Petropavl,KZ,54.8753,69.1628,37.83,58,59,15.5,broken clouds
368,Grindu,RO,44.7667,26.9167,62.92,43,0,7.81,clear sky
369,Preobrazheniye,RU,42.9019,133.9064,58.8,90,6,2.3,clear sky
370,Bautzen,DE,51.1833,14.4333,68.68,83,25,5.79,scattered clouds
371,Numata,JP,36.6333,139.05,61.2,92,99,0.49,overcast clouds
372,Dubasari,MD,47.2631,29.1608,63.12,69,19,6.67,few clouds
373,Cascais,PT,38.6979,-9.4215,72.75,69,20,1.01,few clouds
374,Adjumani,UG,3.3779,31.7909,67.05,93,22,4.68,light rain
375,Shakhtinsk,KZ,49.71,72.5872,41.56,62,50,18.95,scattered clouds
376,Taoudenni,ML,22.6783,-3.9836,103.01,6,4,8.7,clear sky
377,Vestmannaeyjar,IS,63.4427,-20.2734,43.79,87,90,10.36,overcast clouds
378,Chinchani,IN,19.8667,72.7,80.6,79,93,5.17,overcast clouds
379,Samarai,PG,-10.6167,150.6667,79.16,87,60,12.37,broken clouds
380,Aklavik,CA,68.2191,-135.0107,31.03,69,75,2.3,broken clouds
381,Kaeo,NZ,-35.1,173.7833,52.32,93,97,4.14,overcast clouds
382,Codrington,AU,-38.2667,141.9667,40.93,87,67,7.67,broken clouds
383,Dombarovskiy,RU,50.7587,59.5386,51.84,61,100,12.97,overcast clouds
384,Piripiri,BR,-4.2733,-41.7769,104.49,16,45,8.75,scattered clouds
385,Natal,BR,-5.795,-35.2094,84.85,74,75,23.02,broken clouds
386,Catamarca,AR,-28.4696,-65.7852,94.5,28,0,3.0,clear sky
387,Bernalillo,US,35.05,-106.6673,80.06,45,40,1.99,scattered clouds
388,Hinche,HT,19.15,-72.0167,90.82,55,47,0.6,scattered clouds
389,Ahipara,NZ,-35.1667,173.1667,51.06,83,97,8.16,overcast clouds
390,Dalvik,IS,65.9702,-18.5286,40.93,99,100,32.95,overcast clouds
391,Mildura,AU,-34.2,142.15,43.07,60,36,4.61,scattered clouds
392,General Roca,AR,-39.0333,-67.5833,61.2,16,79,3.04,broken clouds
393,Doha,QA,25.2867,51.5333,89.58,44,2,13.8,clear sky
394,Ramanuj Ganj,IN,23.8,83.7,75.11,90,100,2.75,overcast clouds
395,Ostrovnoy,RU,68.0531,39.5131,44.67,89,85,8.1,overcast clouds
396,Anchorage,US,61.2181,-149.9003,36.28,84,1,4.0,fog
397,Sheridan,US,44.8333,-106.9173,87.31,21,1,4.0,clear sky
398,Wawa,NG,9.9022,4.4192,79.75,76,95,2.08,overcast clouds
399,Mayumba,GA,-3.432,10.6554,75.97,87,87,5.84,overcast clouds
400,Izhma,RU,65.0083,53.9113,41.4,65,100,7.94,overcast clouds
401,Byron Bay,AU,-28.65,153.6167,58.05,67,98,11.79,light rain
402,Madera,US,37.1666,-119.8343,90.09,35,26,1.99,scattered clouds
403,Joshimath,IN,30.5667,79.5667,66.09,87,52,2.08,broken clouds
404,Rio Grande,BR,-32.035,-52.0986,71.71,72,0,7.11,clear sky
405,Lompoc,US,34.6391,-120.4579,62.28,87,90,3.44,overcast clouds
406,Sfantu Gheorghe,RO,45.8667,25.7833,59.27,73,2,1.12,clear sky
407,Azuaga,ES,38.2667,-5.6833,74.97,46,73,4.85,broken clouds
408,Ballina,AU,-28.8667,153.5667,55.78,62,99,12.64,overcast clouds
409,Zmeinogorsk,RU,51.1567,82.195,26.47,85,5,5.53,clear sky
410,Nenjiang,CN,49.1833,125.2167,59.79,98,100,11.41,moderate rain
411,Oudtshoorn,ZA,-33.5907,22.2014,57.56,86,20,6.62,few clouds
412,Sao Miguel Do Araguaia,BR,-13.275,-50.1628,98.74,22,38,7.25,scattered clouds
413,Norman Wells,CA,65.282,-126.8329,33.84,80,75,12.66,broken clouds
414,Plettenberg Bay,ZA,-34.0527,23.3716,60.78,88,60,8.99,broken clouds
415,Ban Dung,TH,17.699,103.2596,76.1,99,90,4.09,overcast clouds
416,Prince Rupert,CA,54.3161,-130.3201,51.89,95,90,8.05,light rain
417,Zurrieq,MT,35.8311,14.4742,77.97,65,0,4.61,clear sky
418,Guozhen,CN,34.3659,107.359,64.22,95,100,0.72,overcast clouds
419,Bandon,IE,51.7469,-8.7425,54.99,72,100,4.76,overcast clouds
420,Luangwa,ZM,-15.6167,30.4167,79.48,31,30,2.62,scattered clouds
421,Carutapera,BR,-1.195,-46.02,85.32,60,72,11.3,broken clouds
422,Sur,OM,22.5667,59.5289,84.38,67,2,9.42,clear sky
423,San Cristobal,VE,7.7669,-72.225,93.38,36,25,8.81,scattered clouds
424,Urengoy,RU,65.9667,78.3667,32.2,82,7,5.91,clear sky
425,Nuuk,GL,64.1835,-51.7216,31.87,61,0,5.99,clear sky
426,Malko Tarnovo,BG,41.9833,27.5333,60.78,70,0,3.8,clear sky
427,Merida,MX,20.9667,-89.6167,92.01,58,75,6.91,broken clouds
428,Port Macquarie,AU,-31.4333,152.9167,54.9,65,86,3.98,overcast clouds
429,Kinsale,IE,51.7075,-8.5306,54.77,94,75,5.75,broken clouds
430,Naze,JP,28.3667,129.4833,77.05,84,22,10.56,few clouds
431,Leeton,AU,-34.5667,146.4,43.9,85,2,8.46,clear sky
432,Lagoa,PT,39.05,-27.9833,67.06,73,89,24.67,overcast clouds
433,Buin,CL,-33.7333,-70.75,78.06,33,50,6.4,scattered clouds
434,Husavik,IS,66.0449,-17.3389,40.91,98,100,28.01,light rain
435,Ust-Tarka,RU,55.5672,75.705,34.99,87,99,7.07,overcast clouds
436,Prijepolje,RS,43.3719,19.6406,60.53,49,4,2.19,clear sky
437,Kochubey,RU,44.3861,46.5825,63.81,59,88,9.44,overcast clouds
438,Ulaanbaatar,MN,47.9077,106.8832,30.33,80,0,2.24,clear sky
439,Gurlan,UZ,41.8447,60.3919,55.47,66,90,15.12,overcast clouds
440,Vanimo,PG,-2.6741,141.3028,77.47,90,69,4.27,broken clouds
441,Aswan,EG,24.0934,32.907,89.46,20,64,13.87,broken clouds
442,Gouyave,GD,12.1646,-61.7296,83.17,79,75,0.0,broken clouds
443,Northport,US,33.229,-87.5772,82.81,52,1,5.75,clear sky
444,Henties Bay,NA,-22.116,14.2845,57.85,83,5,4.81,clear sky
445,Haldaur,IN,29.3,78.2833,77.86,78,0,3.58,clear sky
446,Rohnert Park,US,38.3396,-122.7011,73.72,67,90,3.0,overcast clouds
447,Wanning,CN,18.8003,110.3967,78.85,88,26,1.54,scattered clouds
448,Chany,RU,55.3121,76.7647,35.92,86,100,6.91,overcast clouds
449,West Point,US,33.6076,-88.6503,82.18,50,40,0.0,scattered clouds
450,Saint-Augustin,CA,51.226,-58.6502,57.15,97,100,7.27,overcast clouds
451,Cockburn Town,TC,21.4612,-71.1419,82.89,71,1,3.96,clear sky
452,Kilemary,RU,56.7783,46.8659,44.08,93,81,6.22,broken clouds
453,Klamath Falls,US,42.2249,-121.7817,72.48,32,1,5.75,smoke
454,Cidreira,BR,-30.1811,-50.2056,68.59,78,4,7.25,clear sky
455,Sechura,PE,-5.5569,-80.8222,75.07,61,91,16.04,overcast clouds
456,Namibe,AO,-15.1961,12.1522,64.24,81,53,6.58,broken clouds
457,Romilly-Sur-Seine,FR,48.5108,3.7263,64.4,64,95,7.38,overcast clouds
458,Manono,CD,-7.3,27.4167,83.12,33,99,4.05,overcast clouds
459,Kaihua,CN,23.3687,104.28,61.61,97,3,2.15,clear sky
460,Umba,RU,66.6871,34.3429,45.16,94,72,3.78,broken clouds
461,Wajir,KE,1.7471,40.0573,87.39,31,17,8.39,few clouds
462,Tabou,CI,4.423,-7.3528,74.97,93,100,6.24,moderate rain
463,Gurupi,BR,-11.7292,-49.0686,97.86,23,29,8.05,scattered clouds
464,Sambava,MG,-14.2667,50.1667,71.56,80,45,15.14,scattered clouds
465,Arcachon,FR,44.5875,-1.0519,66.52,82,0,2.3,clear sky
466,Juli,PE,-16.2167,-69.45,55.98,38,46,12.19,scattered clouds
467,Yelniki,RU,54.6207,43.876,48.24,94,100,7.47,overcast clouds
468,El Alto,PE,-4.2714,-81.2147,71.26,71,87,12.57,overcast clouds
469,Huilong,CN,31.8111,121.655,75.97,89,10,9.75,clear sky
470,Zhigansk,RU,66.7697,123.3711,31.06,92,10,16.15,clear sky
471,Santa Maria,BR,-29.6842,-53.8069,76.3,57,0,6.91,clear sky
472,Haverfordwest,GB,51.8017,-4.9691,63.99,91,83,5.01,broken clouds
473,Talnakh,RU,69.4865,88.3972,33.37,57,80,5.97,broken clouds
474,Leninskoye,KZ,41.7589,69.3864,69.73,11,0,4.61,clear sky
475,Tshikapa,CD,-6.4167,20.8,78.53,59,72,3.67,light rain
476,Kathu,TH,7.9178,98.3332,75.02,82,100,8.9,overcast clouds
477,Tynset,NO,62.2759,10.7824,55.02,82,98,10.71,overcast clouds
478,Anadyr,RU,64.75,177.4833,28.9,92,0,4.0,clear sky
479,Macau,MO,22.2006,113.5461,84.07,78,20,4.61,light rain
480,Kiunga,PG,-6.1219,141.2906,72.75,100,100,1.5,overcast clouds
481,Gemena,CD,3.25,19.7667,71.98,95,85,1.81,moderate rain
482,Ligayan,PH,4.6533,119.4706,83.32,72,35,4.52,scattered clouds
483,Georgiyevka,KZ,43.0369,74.7114,64.44,25,0,11.18,clear sky
484,Fare,PF,-16.7,-151.0167,78.89,77,4,14.52,clear sky
485,Itoman,JP,26.1247,127.6694,80.62,92,20,9.22,few clouds
486,Tarbes,FR,43.25,0.1667,67.37,82,20,2.3,few clouds
487,Dunbar,US,38.3606,-81.7374,75.11,51,40,1.01,scattered clouds
488,Vienenburg,DE,51.95,10.5667,69.82,78,27,3.44,scattered clouds
489,Fort Nelson,CA,58.8053,-122.7002,45.99,53,90,5.75,overcast clouds
490,Catuday,PH,16.2923,119.8062,81.05,78,76,4.09,broken clouds
491,La Ronge,CA,55.1001,-105.2842,59.25,58,75,4.61,broken clouds
492,Tromso,NO,69.6496,18.957,54.25,81,75,4.0,broken clouds
493,Balabac,PH,7.9868,117.0645,81.72,79,59,5.91,broken clouds
494,Aquiraz,BR,-3.9014,-38.3911,88.21,58,8,14.72,clear sky
495,Kaohsiung,TW,22.6163,120.3133,83.03,86,40,1.14,scattered clouds
496,Sept-Iles,CA,50.2001,-66.3821,57.72,98,90,10.0,fog
497,Jiwani,PK,25.05,61.7417,82.26,79,0,5.84,clear sky
498,Banda Aceh,ID,5.5577,95.3222,78.82,82,99,14.43,overcast clouds
499,Kalmunai,LK,7.4167,81.8167,81.93,75,99,7.2,overcast clouds
500,Darien,US,41.752,-87.974,82.38,37,1,8.99,clear sky
501,Tahta,EG,26.7693,31.5021,83.34,28,15,9.62,few clouds
502,Juybar,IR,36.6412,52.9124,64.56,78,96,6.53,overcast clouds
503,Kholodnyy,RU,62.7167,147.95,24.69,90,16,0.74,few clouds
504,Tilichiki,RU,60.4667,166.1,39.88,94,100,5.1,light rain
505,Marzuq,YE,14.4,46.4667,82.11,23,14,1.34,few clouds
506,Primorsk,UA,46.7348,36.3443,60.4,61,72,9.64,broken clouds
507,Hami,CN,42.8,93.45,63.82,20,2,4.09,clear sky
508,Ukiah,US,39.1502,-123.2078,80.44,67,1,0.0,clear sky
509,Lyskovo,RU,56.0328,45.0422,48.36,92,100,9.33,overcast clouds
510,Beitbridge,ZW,-22.2167,30.0,80.06,21,0,10.31,clear sky
511,Tuatapere,NZ,-46.1333,167.6833,33.94,87,24,4.25,few clouds
512,Olga,RU,43.7444,135.2892,55.76,94,82,2.39,broken clouds
513,Inhambane,MZ,-23.865,35.3833,72.07,89,0,10.18,clear sky
514,Sabzevar,IR,36.2126,57.6819,65.84,56,0,16.8,clear sky
515,Nemuro,JP,43.3236,145.575,56.66,86,79,11.03,broken clouds
516,Luderitz,NA,-26.6481,15.1594,58.24,92,15,13.51,few clouds
517,Coahuayana,MX,18.7333,-103.6833,89.11,62,97,5.03,overcast clouds
518,Hereford,GB,52.0568,-2.7148,66.02,61,77,9.24,broken clouds
519,Rosarito,MX,32.3333,-117.0333,72.25,71,56,9.51,broken clouds
520,Joao Monlevade,BR,-19.81,-43.1736,89.65,27,91,6.46,overcast clouds
521,Constitucion,CL,-35.3333,-72.4167,59.47,55,100,16.4,overcast clouds
522,Anahuac,MX,27.2333,-100.15,86.38,43,48,11.9,scattered clouds
523,Sao Felix Do Xingu,BR,-6.6447,-51.995,91.26,38,54,3.96,broken clouds
524,Mahanoro,MG,-19.9,48.8,68.54,81,3,2.17,clear sky
525,Ponta Delgada,PT,37.7333,-25.6667,72.5,83,20,9.22,few clouds
526,Kourou,GF,5.1552,-52.6478,89.65,57,69,11.41,broken clouds
527,Mugumu,TZ,-1.85,34.7,67.48,68,99,5.66,light rain
528,Kattivakkam,IN,13.2167,80.3167,84.29,74,100,10.07,overcast clouds
529,Chitral,PK,35.8462,71.7858,71.78,72,0,2.95,clear sky
530,Kargasok,RU,59.0556,80.8572,36.73,96,100,7.9,overcast clouds
531,Voyvozh,RU,62.892,54.9635,39.16,72,100,9.51,overcast clouds
532,Acajutla,SV,13.5928,-89.8275,95.34,66,86,6.8,overcast clouds
533,Soe,ID,-9.8607,124.284,63.23,91,35,3.91,scattered clouds
534,Plakhtiyivka,UA,46.1006,29.7217,64.76,56,9,7.54,clear sky
535,Yueyang,CN,29.3333,113.0919,74.82,86,0,13.51,light rain
536,Dicabisagan,PH,17.0818,122.4157,79.14,88,81,6.71,light rain
537,Nelson,NZ,-41.2833,173.2833,41.81,89,99,3.96,overcast clouds
538,Ramapuram,IN,13.1167,79.2,80.64,63,100,3.65,overcast clouds
539,Aksarayskiy,RU,46.7924,48.0119,58.98,74,97,17.9,overcast clouds
540,Guilin,CN,25.2819,110.2864,75.31,77,88,1.34,light rain
541,Gulbene,LV,57.1777,26.7529,44.44,86,5,4.36,clear sky
542,Belen,TR,36.4891,36.2233,71.02,52,0,3.44,clear sky
543,Northam,GB,51.0333,-4.2167,65.66,86,97,17.76,overcast clouds
544,Khorixas,NA,-20.3667,14.9667,74.25,32,1,10.04,clear sky
545,Rapar,IN,23.5667,70.6333,83.98,69,97,10.85,overcast clouds
546,Luau,AO,-10.7073,22.2247,75.51,31,49,4.68,scattered clouds
547,Jinchang,CN,38.4953,102.1739,61.7,46,1,2.77,clear sky
548,Manacapuru,BR,-3.2997,-60.6206,86.58,64,57,2.48,broken clouds
549,Acapulco,MX,16.8634,-99.8901,85.53,68,99,4.74,overcast clouds
550,Beni Suef,EG,29.0731,31.0979,82.42,35,15,9.86,few clouds
551,Caraballeda,VE,10.6112,-66.8522,94.37,51,20,8.05,few clouds
552,Marienburg,PL,54.0359,19.0266,59.88,68,53,7.61,broken clouds
553,Fortuna,US,40.5982,-124.1573,63.93,73,90,1.99,overcast clouds
554,Wanxian,CN,30.8039,108.3897,79.47,77,40,2.33,light rain
555,Svetlogorsk,BY,52.6333,29.7333,47.86,84,6,8.84,clear sky
556,Yellapur,IN,14.9667,74.7167,68.76,99,99,2.35,overcast clouds
557,Hastings,GB,50.8552,0.5729,64.15,98,97,10.92,overcast clouds
558,Rio Gallegos,AR,-51.6226,-69.2181,50.05,40,40,24.16,scattered clouds
559,Kihei,US,20.785,-156.4656,80.96,83,20,18.41,few clouds
560,Rochelle,FR,46.25,-1.0,66.29,88,0,8.05,clear sky
561,Yuryevets,RU,57.3201,43.1041,48.2,86,100,11.63,overcast clouds
562,Axim,GH,4.8699,-2.2405,75.0,92,100,6.26,light rain
563,Udachnyy,RU,66.4167,112.4,28.02,80,14,8.28,few clouds
564,Alihe,CN,50.5667,123.7167,54.3,97,100,4.9,light rain
565,Deville-Les-Rouen,FR,49.4694,1.0521,66.92,83,75,3.44,broken clouds
566,San Vicente,AR,-26.6167,-54.1333,89.42,20,0,4.05,clear sky
567,Port Hedland,AU,-20.3167,118.5667,64.45,88,5,9.22,clear sky
568,Nome,US,64.5011,-165.4064,35.67,80,75,12.66,broken clouds
569,Alugan,PH,12.2188,125.4808,77.41,89,76,5.08,broken clouds
570,Dijkot,PK,31.2167,72.9833,87.6,43,28,8.63,scattered clouds
571,Teeli,RU,51.0333,90.2333,30.58,55,76,3.47,broken clouds
572,Am Timan,TD,11.0297,20.2827,69.31,91,73,7.02,light rain
573,Puerto Del Rosario,ES,28.5004,-13.8627,78.48,73,20,12.66,few clouds
574,Saint-Denis,FR,48.9167,2.3333,67.59,89,75,1.01,broken clouds
575,Huicungo,PE,-7.2833,-76.8,92.8,39,67,3.8,broken clouds
576,Harnosand,SE,62.6323,17.9379,51.01,86,26,8.46,scattered clouds
577,Zaranj,AF,30.9667,61.8833,76.96,7,0,8.37,clear sky
578,Agirish,RU,61.9247,63.0231,33.6,77,99,6.67,overcast clouds
579,Elblag,PL,54.1522,19.4088,59.97,71,32,8.37,scattered clouds
580,Saint-Francois,FR,46.4154,3.9054,62.04,87,0,3.44,clear sky
581,Chemal,RU,51.4111,86.005,24.44,95,77,3.2,broken clouds
582,Tezu,IN,27.9167,96.1667,76.17,81,21,5.32,few clouds
583,Vao,NC,-22.6667,167.4833,67.69,67,97,4.36,overcast clouds
584,Cerrito,CO,6.8432,-72.694,65.59,59,49,1.5,scattered clouds
585,Harper,LR,4.375,-7.7169,75.4,92,100,8.19,light rain
586,Westport,US,41.1415,-73.3579,73.8,52,1,1.99,clear sky
587,Erzin,TR,36.9559,36.2,77.0,33,0,2.53,clear sky
588,Damghan,IR,36.1683,54.348,61.43,55,3,11.36,clear sky
589,Zemio,CF,5.0314,25.1361,70.45,94,86,1.66,light rain
590,Akdepe,TM,42.0551,59.3788,55.4,65,84,8.37,broken clouds
591,Kokoda,PG,-8.8785,147.7407,73.09,94,75,1.43,broken clouds
592,Igarka,RU,67.4667,86.5833,34.5,69,95,7.74,overcast clouds
593,Quatre Cocos,MU,-20.2078,57.7625,71.71,84,32,15.12,light rain
594,Gornopravdinsk,RU,60.05,69.9,30.69,91,34,4.88,scattered clouds
595,Ilhabela,BR,-23.7781,-45.3581,74.35,75,7,3.36,clear sky
596,Macia,MZ,-25.0269,33.0989,71.17,78,0,10.33,clear sky
597,Senanga,ZM,-16.1167,23.2667,75.58,13,5,5.73,clear sky
598,La Ligua,CL,-32.4524,-71.2311,69.58,44,1,9.86,clear sky
599,Praia Da Vitoria,PT,38.7333,-27.0667,69.76,88,75,21.23,broken clouds
600,Hokitika,NZ,-42.7167,170.9667,41.05,75,94,6.08,overcast clouds
601,Los Llanos De Aridane,ES,28.6585,-17.9182,71.35,83,75,9.22,volcanic ash
602,Sakakah,SA,29.9697,40.2064,83.77,23,0,9.04,clear sky
603,Staunton,US,38.1496,-79.0717,72.54,37,1,4.0,clear sky
604,Brasilia,BR,-15.7797,-47.9297,81.52,44,20,2.3,few clouds
605,Fairbanks,US,64.8378,-147.7164,32.09,92,75,4.61,mist
606,Cutervo,PE,-6.379,-78.8157,68.0,46,89,10.42,overcast clouds
607,Iquique,CL,-20.2208,-70.1431,62.64,63,7,4.72,clear sky
608,Denpasar,ID,-8.65,115.2167,78.46,88,20,9.22,few clouds
609,Dudinka,RU,69.4058,86.1778,31.21,65,19,5.28,few clouds
610,Makakilo City,US,21.3469,-158.0858,80.92,67,1,8.05,clear sky
611,Riyadh,SA,24.6877,46.7219,87.94,21,3,12.62,clear sky
612,Salinopolis,BR,-0.6136,-47.3561,84.07,67,82,14.74,broken clouds
613,Sola,VU,-13.8833,167.55,75.87,94,75,5.75,broken clouds
614,Pochutla,MX,15.7432,-96.4661,88.56,57,69,5.48,broken clouds
615,Campbell River,CA,50.0163,-125.2446,56.59,97,90,1.01,light intensity drizzle
616,Yanam,IN,16.7333,82.2167,75.79,94,100,7.05,heavy intensity rain
617,Tyret Pervaya,RU,53.6703,102.3106,33.08,66,25,2.04,scattered clouds
618,Nizhniy Baskunchak,RU,48.2198,46.8311,56.88,78,90,17.54,overcast clouds
619,Talara,PE,-4.5772,-81.2719,74.16,64,0,11.5,clear sky
620,Suntar,RU,62.1444,117.6319,36.34,81,100,12.97,overcast clouds
621,Kishtwar,IN,33.3167,75.7667,62.87,91,2,2.04,clear sky
622,Havoysund,NO,70.9963,24.6622,48.43,77,100,11.23,light rain
623,Campo Formoso,BR,-10.5075,-40.3214,82.35,44,68,9.13,broken clouds
624,Isangel,VU,-19.55,169.2667,69.91,78,13,3.44,few clouds
625,Luwuk,ID,-0.9516,122.7875,76.48,79,100,4.21,overcast clouds
626,Chimbote,PE,-9.0853,-78.5783,68.94,72,52,10.29,broken clouds
627,Yongan,CN,39.6957,113.6871,54.82,92,63,1.39,broken clouds
628,Bogo,PH,11.0517,124.0055,79.02,80,92,1.95,overcast clouds
629,Apricena,IT,41.7839,15.4437,73.22,51,32,5.46,scattered clouds
630,Crotone,IT,39.0851,17.1178,75.15,88,0,8.05,clear sky
631,Macomb,US,40.4592,-90.6718,83.16,34,1,18.41,clear sky
632,Marsh Harbour,BS,26.5412,-77.0636,81.34,66,99,14.54,overcast clouds
633,Badarwas,IN,24.9667,77.5667,77.4,83,89,7.38,overcast clouds
634,Kralendijk,BQ,12.15,-68.2667,89.58,62,20,14.97,few clouds
635,Bronnoysund,NO,65.4625,12.1997,57.42,82,75,8.05,broken clouds
636,Kysyl-Syr,RU,63.8986,122.7617,29.03,91,94,5.66,overcast clouds
637,Chara,RU,56.9064,118.2631,42.8,95,100,1.01,light rain
638,Camacha,PT,33.0833,-16.3333,72.54,64,20,5.75,few clouds
639,Rio Cuarto,AR,-33.1307,-64.3499,69.57,24,0,18.41,clear sky
640,Hay River,CA,60.8156,-115.7999,46.36,76,75,10.36,broken clouds
641,Pisco,PE,-13.7,-76.2167,66.25,77,0,10.36,clear sky
642,Ozinki,RU,51.1786,49.6769,51.71,83,99,8.34,light rain
643,Omboue,GA,-1.5746,9.2618,76.84,84,92,7.85,overcast clouds
644,Makinsk,KZ,52.6292,70.4169,34.23,44,79,18.9,broken clouds
645,Gari,RU,59.4307,62.3497,36.21,70,99,9.31,overcast clouds
646,Dongsheng,CN,39.8161,109.9776,57.56,34,21,5.97,few clouds
647,Shalakusha,RU,62.2247,40.2539,45.19,96,100,4.21,overcast clouds
648,Muroto,JP,33.2833,134.15,72.81,85,90,20.87,overcast clouds
649,Standerton,ZA,-26.9337,29.2415,70.61,31,24,13.0,few clouds
650,Cabedelo,BR,-6.9811,-34.8339,81.27,75,64,19.01,broken clouds
651,Tonantins,BR,-2.8731,-67.8022,90.27,54,41,2.33,scattered clouds
652,Mosquera,CO,4.7059,-74.2302,68.09,40,40,12.66,scattered clouds
653,Kijang,KR,35.2442,129.2139,67.73,81,83,11.32,broken clouds
654,Leh,IN,34.1667,77.5833,56.73,30,0,5.03,clear sky
655,Carlsbad,US,33.1581,-117.3506,76.71,81,90,3.0,mist
656,Gresham,US,45.4982,-122.4315,69.13,69,90,4.0,overcast clouds
657,Bonavista,CA,48.6499,-53.1147,64.11,78,86,10.63,overcast clouds
658,Coquimbo,CL,-29.9533,-71.3436,64.13,63,0,17.27,clear sky
659,Mbekenyera,TZ,-10.0,38.9833,71.31,77,82,5.48,broken clouds
660,Katobu,ID,-4.9408,122.5276,73.56,90,95,3.2,overcast clouds
661,Ust-Tsilma,RU,65.441,52.1498,39.72,80,100,7.83,overcast clouds
662,Yeppoon,AU,-23.1333,150.7333,67.78,74,70,12.97,broken clouds
663,Atikokan,CA,48.7555,-91.6216,67.39,42,85,2.73,overcast clouds
664,Ahuimanu,US,21.4447,-157.8378,82.11,71,90,9.22,overcast clouds
665,San Jeronimo,PE,-11.9472,-75.2829,61.72,43,43,6.78,scattered clouds
666,Waipawa,NZ,-41.4122,175.5153,43.03,94,99,9.37,overcast clouds
667,Kailua,US,21.4022,-157.7394,82.38,75,90,9.22,overcast clouds
668,Chicama,PE,-7.8447,-79.1469,61.34,59,52,10.38,broken clouds
669,Ola,RU,59.5833,151.2833,39.6,66,96,12.71,overcast clouds
670,Jagtial,IN,18.8,78.9333,75.4,93,99,5.53,overcast clouds
671,Bairiki,KI,1.3292,172.9752,80.6,83,40,12.66,scattered clouds
672,Tacoronte,ES,28.4769,-16.4102,70.75,82,0,5.01,clear sky
673,Yumen,CN,40.2833,97.2,60.03,31,9,2.93,clear sky
674,Katherine,AU,-14.4667,132.2667,79.12,57,68,5.75,broken clouds
